<?xml version="1.0" encoding="utf-8"?>
<!--/1665163/1829342/2.50/2/3/Capacitor Polarised/-->
<quadcept_library>
  <setting unit="mil" />
  <textstyle name="Default" height="47.244094488189" strokewidth="7.8740157480315" charwidth="47.244094488189" />
  <textstyle name="Dimension" height="19.6850393700787" strokewidth="0" charwidth="19.6850393700787" />
  <textstyle name="H127W0635TH00762" height="50" strokewidth="3" charwidth="25" />
  <textstyle name="H15W15TH02" height="59.0551181102362" strokewidth="7.8740157480315" charwidth="59.0551181102362" />
  <padstyle name="s130_h80" surface="False" plated="True" isvia="False" nopaste="True" nomask="True" complex="False" holesize="31.496062992126">
    <padshape layer="TOP" shape="square" width="51.181102362204" height="51.181102362204" />
    <padshape layer="TOP_SOLDER_MASK" shape="square" width="59.055118110235" height="59.055118110235" />
    <padshape layer="INNER" shape="square" width="51.181102362204" height="51.181102362204" />
    <padshape layer="BOTTOM" shape="square" width="51.181102362204" height="51.181102362204" />
    <padshape layer="BOTTOM_SOLDER_MASK" shape="square" width="59.055118110235" height="59.055118110235" />
  </padstyle>
  <padstyle name="c130_h80" surface="False" plated="True" isvia="False" nopaste="True" nomask="True" complex="False" holesize="31.496062992126">
    <padshape layer="TOP" shape="round" width="51.181102362204" height="51.181102362204" />
    <padshape layer="TOP_SOLDER_MASK" shape="round" width="59.055118110235" height="59.055118110235" />
    <padshape layer="INNER" shape="round" width="51.181102362204" height="51.181102362204" />
    <padshape layer="BOTTOM" shape="round" width="51.181102362204" height="51.181102362204" />
    <padshape layer="BOTTOM_SOLDER_MASK" shape="round" width="59.055118110235" height="59.055118110235" />
  </padstyle>
  <footprint name="BMOD0001P005B02" originx="0" originy="0" pickpointx="0" pickpointy="0">
    <pcbpin number="1" name="1" style="s130_h80" originx="0" originy="0" rotation="90" />
    <pcbpin number="2" name="2" style="c130_h80" originx="338.58267716535" originy="0" rotation="90" />
    <line layer="TOP_PLACE_BOUND" originx="-210.62992125984" originy="139.37007874016" endx="549.99999999999" endy="139.37007874016" width="3.9370078740157" />
    <line layer="TOP_PLACE_BOUND" originx="549.99999999999" originy="139.37007874016" endx="549.99999999999" endy="-314.96062992126" width="3.9370078740157" />
    <line layer="TOP_PLACE_BOUND" originx="549.99999999999" originy="-314.96062992126" endx="-210.62992125984" endy="-314.96062992126" width="3.9370078740157" />
    <line layer="TOP_PLACE_BOUND" originx="-210.62992125984" originy="-314.96062992126" endx="-210.62992125984" endy="139.37007874016" width="3.9370078740157" />
    <line layer="TOP_ASSEMBLY" originx="15.748031496063" originy="98.425196850392" endx="15.748031496063" endy="98.425196850392" width="3.9370078740157" />
    <arc layer="TOP_ASSEMBLY" originx="15.748031496063" originy="-88.582677165353" startangle="90.0" sweepangle="180.0" radius="187.00787401575" width="3.9370078740157" />
    <line layer="TOP_ASSEMBLY" originx="15.748031496063" originy="-275.5905511811" endx="322.83464566929" endy="-275.5905511811" width="3.9370078740157" />
    <line layer="TOP_ASSEMBLY" originx="322.83464566929" originy="-275.5905511811" endx="322.83464566929" endy="-275.5905511811" width="3.9370078740157" />
    <arc layer="TOP_ASSEMBLY" originx="322.83464566929" originy="-87.79527559055" startangle="-90.0" sweepangle="180.0" radius="187.79527559055" width="3.9370078740157" />
    <line layer="TOP_ASSEMBLY" originx="322.83464566929" originy="99.999999999999" endx="15.748031496063" endy="98.425196850392" width="3.9370078740157" />
    <line layer="TOP_SILKSCREEN" originx="322.83464566929" originy="99.999999999999" endx="15.748031496063" endy="98.425196850392" width="7.8740157480314" />
    <line layer="TOP_SILKSCREEN" originx="15.748031496063" originy="98.425196850392" endx="15.748031496063" endy="98.425196850392" width="7.8740157480314" />
    <arc layer="TOP_SILKSCREEN" originx="16.692913385827" originy="-88.582677165353" startangle="90.3" sweepangle="179.4" radius="187.00787401575" width="7.8740157480314" />
    <line layer="TOP_SILKSCREEN" originx="15.748031496063" originy="-275.5905511811" endx="322.83464566929" endy="-275.5905511811" width="7.8740157480314" />
    <line layer="TOP_SILKSCREEN" originx="322.83464566929" originy="-275.5905511811" endx="322.83464566929" endy="-275.5905511811" width="7.8740157480314" />
    <arc layer="TOP_SILKSCREEN" originx="322.83464566929" originy="-88.582677165353" startangle="-90.0" sweepangle="180.0" radius="187.00787401575" width="7.8740157480314" />
    <line layer="TOP_SILKSCREEN" originx="0" originy="122.04724409449" endx="0" endy="122.04724409449" width="3.9370078740157" />
    <arc layer="TOP_SILKSCREEN" originx="1.6391087961985E-15" originy="124.01574803149" startangle="-90.0" sweepangle="180.0" radius="1.9685039370079" width="3.9370078740157" />
    <line layer="TOP_SILKSCREEN" originx="0" originy="125.9842519685" endx="0" endy="125.9842519685" width="3.9370078740157" />
    <arc layer="TOP_SILKSCREEN" originx="1.6391087961985E-15" originy="124.01574803149" startangle="90.0" sweepangle="180.0" radius="1.9685039370079" width="3.9370078740157" />
  </footprint>
  <symbol name="BMOD0001_P005_B02" originx="0" originy="0">
    <line originx="200" originy="100" endx="200" endy="-100" width="0" />
    <line originx="230" originy="-100" endx="200" endy="-100" width="0" />
    <line originx="230" originy="-100" endx="230" endy="100" width="0" />
    <line originx="200" originy="100" endx="230" endy="100" width="0" />
    <line originx="180" originy="50" endx="140" endy="50" width="0" />
    <line originx="160" originy="70" endx="160" endy="30" width="0" />
    <line originx="100" originy="0" endx="200" endy="0" width="0" />
    <line originx="300" originy="0" endx="400" endy="0" width="0" />
    <sympin number="1" originx="100" originy="0" rotation="180" length="100" width="7.8740157480315" flipped="False">
      <text name="pinname" originx="0" originy="-10" style="Default" rotation="0" justify="upperleft" flipped="False" hidden="True" data="+" />
      <text name="pindes" originx="0" originy="10" style="Default" rotation="0" justify="lowerleft" flipped="False" hidden="False" data="1" />
    </sympin>
    <sympin number="2" originx="400" originy="0" rotation="0" length="100" width="7.8740157480315" flipped="False">
      <text name="pinname" originx="500" originy="-10" style="Default" rotation="0" justify="upperright" flipped="False" hidden="True" data="-" />
      <text name="pindes" originx="500" originy="10" style="Default" rotation="0" justify="lowerright" flipped="False" hidden="False" data="2" />
    </sympin>
    <polygon type="polygon">
      <point x="300" y="100" />
      <point x="300" y="-100" />
      <point x="270" y="-100" />
      <point x="270" y="100" />
    </polygon>
  </symbol>
  <component name="BMOD0001_P005_B02" designatorprefix="C" height="905.51181102361" footprint="BMOD0001P005B02">
    <comppin designator="1" sympin="1" pinswap="0" gateswap="0" gate="1" group="1" side="" type="Any" name="+" />
    <comppin designator="2" sympin="2" pinswap="0" gateswap="0" gate="1" group="1" side="" type="Any" name="-" />
    <attached_symbol gate="1" name="BMOD0001_P005_B02" />
    <pinmap designator="1" footprintpin="1" />
    <pinmap designator="2" footprintpin="2" />
    <text name="Datasheet" originx="0" originy="0" style="Default" rotation="0" justify="" flipped="False" hidden="True" data="https://maxwell.com/wp-content/uploads/2021/09/5.0V-1.5F_ds_3001960-EN.5-1.pdf" />
    <text name="Description" originx="0" originy="0" style="Default" rotation="0" justify="" flipped="False" hidden="True" data="1.5 F (EDLC) supercondensators 5 V Radiaal, blik 143mOhm 1000 uur @ 85C -40C ~ 65C 1000 uur @ 85C" />
    <text name="Mouser Part Number" originx="0" originy="0" style="Default" rotation="0" justify="" flipped="False" hidden="True" data="723-BMOD0001P005B02" />
    <text name="Mouser Price/Stock" originx="0" originy="0" style="Default" rotation="0" justify="" flipped="False" hidden="True" data="https://www.mouser.co.uk/ProductDetail/Maxwell-Technologies/BMOD0001-P005-B02?qs=W0yvOO0ixfEzFv8%2F5TnOWA%3D%3D" />
    <text name="Manufacturer_Name" originx="0" originy="0" style="Default" rotation="0" justify="" flipped="False" hidden="True" data="Maxwell Technologies" />
    <text name="Manufacturer_Part_Number" originx="350" originy="150" style="Default" rotation="0" justify="left" flipped="False" hidden="False" data="BMOD0001 P005 B02" />
  </component>
</quadcept_library>
